<?xml version="1.0" encoding="utf-8"?>
<!DOCTYPE concept PUBLIC "-//OASIS//DTD DITA Concept//EN"
 "../../dtd/technicalContent/dtd/concept.dtd">

<concept id="markup_views">
	<title>Differences in Markup Views</title>
	<shortdesc>Examples of the different views in Track Changes</shortdesc>
	<conbody>
		<fig>
			<title>Original: before revisions</title>
			<image href="../image/original_ex.png" placement="break">
			<alt>original view</alt></image>
		</fig>
		
		<fig>
			<title>Simple Markup</title>
			<image href="../image/simple_markup_line.png" placement="break">
			<alt>simple markup</alt></image>
		</fig>
		
		<fig>
			<title>No Markup</title>
			<image href="../image/no_markup_ex.png" placement="break">
			<alt>no markup fig</alt></image>
		</fig>
		
		<fig>
			<title>All Markup</title>
			<image href="../image/all_markup_ex.png" placement="break">
			<alt>all markup fig</alt></image>
		</fig>		
	</conbody>	
</concept>