<?xml version="1.0" encoding="utf-8"?>
<!DOCTYPE concept PUBLIC "-//OASIS//DTD DITA Concept//EN"
 "../../dtd/technicalContent/dtd/concept.dtd">

<concept id="markup_views">
<title>Viewing in Simple Markup</title>
	<shortdesc>View markups in margins beside the changes in your document</shortdesc>
<conbody>
	<p>In Simple Markup, click the line in the margin to view both the markups and comments.</p>
	<image href="../image/simple_markup_line.png">
	<alt>click margin line</alt></image>	
	<lines>Clicking the line switches to All Markup.
	The changes now display with markups, and the comments display in the margin balloons.</lines>
	<image href="../image/all_markup_ex.png">
		<alt>all markup example</alt></image>
	<note>Click the line again to switch back to Simple Markup.</note>
</conbody>	
	<related-links>
		<link href="markup_views_example.xml_#markup_views_example"><linktext>Examples of Markup Views</linktext></link>
	</related-links>
</concept>