<?xml version="1.0" encoding="utf-8"?>
<!DOCTYPE task PUBLIC "-//OASIS//DTD DITA Task//EN" "../../dtd/technicalContent/dtd/task.dtd">
<task id="accept_all_changes">
<title>Accept All Changes</title>
<shortdesc>Accept all changes in your document.</shortdesc>
<taskbody>
	<steps>
		<step conref="turn_on_track.xml#turn_on_track/t1">
			<cmd>turn_on_track</cmd>
		</step>
		<step conref="turn_on_track.xml#turn_on_track/t2">
			<cmd>turn_on_track</cmd>
		</step>
		<step conref="all_markup.xml#all_markup/am3"><cmd>all markup</cmd></step>		
		<step conref="all_markup.xml#all_markup/am4"><cmd>all markup</cmd></step>
		<step>
			<cmd>In the Changes section, click the <b>arrow</b> below the Accept button.</cmd>
		</step>
		<step>
			<cmd>Click <b>Accept All Changes</b>.</cmd>
			<stepresult><image href="../image/accept_all_changes.png">
			<alt>accept all changes</alt></image></stepresult>
		</step>
	</steps>
</taskbody>
</task>