<?xml version="1.0" encoding="utf-8"?>
<!DOCTYPE task PUBLIC "-//OASIS//DTD DITA Task//EN" "../../dtd/technicalContent/dtd/task.dtd">
<task id="accept_reject">
<title>Accept and Reject Changes</title>
<shortdesc>You must Accept or Reject Changes to permanently remove markups from a document.</shortdesc>
<taskbody>
	<steps>
		<step conref="turn_on_track.xml#turn_on_track/t1">
			<cmd>turn_on_track</cmd>
		</step>
		<step conref="turn_on_track.xml#turn_on_track/t2">
			<cmd>turn_on_track</cmd>
		</step>
		<step conref="all_markup.xml#all_markup/am3"><cmd>all markup</cmd></step>		
		<step conref="all_markup.xml#all_markup/am4"><cmd>all markup</cmd></step>
		<step>
			<cmd>In the Changes section, click <b>Previous</b> or <b>Next</b>.</cmd>
			<stepresult><image href="../image/next_change.png">
			<alt>next change</alt></image></stepresult>
		</step>
		<step>
			<cmd>Choose to accept or reject the revision.</cmd>
			<choices>
				<choice>To keep the revision or comment, click the <b>Accept</b> button.</choice>
				<choice>To remove the revision or comment, click the <b>Reject</b> button.</choice>
			</choices>
			<stepresult>Word moves you to the next markup.</stepresult>
		</step>
		<step>
			<cmd>Repeat step <b>6</b> until all markups and comments are accepted or rejected.</cmd>
		</step>
	</steps>
</taskbody>
</task>