<?xml version="1.0" encoding="utf-8"?>
<!DOCTYPE task PUBLIC "-//OASIS//DTD DITA Task//EN" "../../dtd/technicalContent/dtd/task.dtd">

<task id="advanced_options">
	<title>Advanced Options in Track Changes</title>
	<taskbody>
		<context>In the Track Changes Options dialog box:</context>
		<steps>
			<step><cmd>Click the Advanced Options button.</cmd></step>
		</steps>
		<result>
			<p>The Advanced Track Changes Options dialog box opens.</p>
		</result>
		<example conref="../references/advanced_options_labeled.xml#advanced_options_labeled/advanced">
		<p>advanced option box</p></example>
	</taskbody>
</task>
