<?xml version="1.0" encoding="utf-8"?>
<!DOCTYPE task PUBLIC "-//OASIS//DTD DITA Task//EN" "../../dtd/technicalContent/dtd/task.dtd">

<task id="all_markup">
	<title>All Markup</title>
	<shortdesc>View insertions, deletions, and moves in the document. View format changes and comments in balloons.</shortdesc>
	<taskbody>
		<steps>
			<step conref="turn_on_track.xml#turn_on_track/t1"><cmd>turn_on_track</cmd></step>
			<step conref="turn_on_track.xml#turn_on_track/t2"><cmd>turn_on_track</cmd></step>
			<step id="am3"><cmd>Click <b>Simple Markup</b>.</cmd></step>
			<step id="am4"><cmd>Click <b>All Markup</b>.</cmd>
				<stepresult><image href="../image/all_markup.png">
				<alt>all markup</alt></image></stepresult>
			</step>
		</steps>
		<example><lines>By default, All Markup displays markups in the document. Formatting and comments display in the margin.</lines>
		<image href="../image/all_markup_ex.png" scale="85">
		<alt>all markup example</alt></image></example>
	</taskbody>
	<related-links>
		<link href="../concepts/markup_views_example.xml_#markup_views_example"><linktext>Examples of Markup Views</linktext></link>
	</related-links>
</task>
 