<?xml version="1.0" encoding="utf-8"?>
<!DOCTYPE task PUBLIC "-//OASIS//DTD DITA Task//EN" "../../dtd/technicalContent/dtd/task.dtd">

<task id="delete_all_comments">
	<title>Delete All Comments in Document</title>
	<taskbody>
		<steps>
			<step conref="turn_on_track.xml#turn_on_track/t1"><cmd>turn_on_track</cmd></step>
			<step><cmd>In the Comments section, click the <b>arrow</b> below the Delete button.</cmd></step>
			<step><cmd>Click the option <b>Delete All Comments in Document.</b></cmd>
			<stepresult>
			<image href="../image/delete_all_comments.png">
			<alt>delete all comments</alt></image>
			</stepresult></step>
		</steps>
		<result><note>You must Delete or Reject Comments to permanently remove them from the document.</note></result>
	</taskbody>
</task>
