<?xml version="1.0" encoding="utf-8"?>
<!DOCTYPE task PUBLIC "-//OASIS//DTD DITA Task//EN" "../../dtd/technicalContent/dtd/task.dtd">

<task id="delete_comment">
	<title>Delete a Comment</title>
	<taskbody>
		<steps>
			<step><cmd>Click on a comment balloon.</cmd>
				<stepresult>
				<image href="../image/click_balloon.png">
				<alt>delete comment</alt></image></stepresult></step>
			<step conref="turn_on_track.xml#turn_on_track/t1"><cmd>turn_on_track</cmd></step>
			<step><cmd>In the Comments section, click the <b>Delete</b> button.</cmd>
			<stepresult>
			<image href="../image/click_delete.png">
			<alt>delete comment</alt></image>
			<p>The selected comment is no longer available.</p></stepresult></step>
		</steps>
		<result><note>To also delete, right click on a comment for menu options. Select <b>Delete Comment</b>.</note></result>
	</taskbody>
</task>
