<?xml version="1.0" encoding="utf-8"?>
<!DOCTYPE task PUBLIC "-//OASIS//DTD DITA Task//EN" "../../dtd/technicalContent/dtd/task.dtd">

<task id="lock_track">
	<title>Lock Track Changes</title>
	<shortdesc>The feature helps you remember to keep Track Changes on and helps you keep Track Changes on when sharing a document.</shortdesc>
	<taskbody>
		<steps>
			<step><cmd>Click the <b>REVIEW</b> tab.</cmd></step>
			<step><cmd>Click the arrow in the<b>Track Changes</b> button.</cmd></step>
			<step><cmd>Click <b>Lock Tracking</b>.</cmd>
				<stepresult><image href="../image/lock_track.png">
				<alt>How to lock tracking.</alt>
				</image></stepresult>
			</step>
			<step><cmd>Enter a password.</cmd></step>
			<step><cmd>Reenter to confirm.</cmd></step>
			<step><cmd>Click <b>Ok</b>.</cmd>
			<stepresult><image href="../image/lock_password.png">
			<alt>Confirm your password.</alt></image></stepresult></step>
		</steps>
		<result>
			<note>To unlock tracking, you now will need the password. Keep it safe.</note>
		</result>
	</taskbody>
</task>
