<?xml version="1.0" encoding="utf-8"?>
<!DOCTYPE task PUBLIC "-//OASIS//DTD DITA Task//EN" "../../dtd/technicalContent/dtd/task.dtd">

<task id="new_comment">
	<title>New Comment</title>
	<shortdesc>Add feedback on a document and your revisions with a comment.</shortdesc>
	<taskbody>
		<steps>
			<step conref="turn_on_track.xml#turn_on_track/t1"><cmd>turn_on_track</cmd></step>
			<step conref="turn_on_track.xml#turn_on_track/t2"><cmd>turn_on_track</cmd></step>
			<step><cmd>Highlight text or position your cursor where you want to place a comment.</cmd></step>
			<step><cmd>Click <b>New Comment</b> in the Comments section.</cmd>
			<stepresult><image href="../image/new_comment.png">
			<alt>new comment</alt></image>
			<p>A comment ballon appears.</p>
			<image href="../image/comment_balloon.png">
			<alt>balloon comment</alt></image></stepresult></step>
			<step><cmd>Type your comment in the Comments balloon.</cmd>
			<stepresult><image href="../image/type_comment.png">
			<alt>type comment</alt></image></stepresult>
			</step>
			<step><cmd>When finished, click in the document or press <b>Esc</b>.</cmd></step>
		</steps>
		<result><note>Another way to add: right click in the document for menu options. Select <b>New Comment</b>.</note></result>
	</taskbody>
</task>
 