<?xml version="1.0" encoding="utf-8"?>
<!DOCTYPE task PUBLIC "-//OASIS//DTD DITA Task//EN" "../../dtd/technicalContent/dtd/task.dtd">

<task id="no_markup">
	<title>No Markup</title>
	<shortdesc>View your revisions without markups.</shortdesc>
	<taskbody>
		<steps>
			<step conref="turn_on_track.xml#turn_on_track/t1"><cmd>turn_on_track</cmd></step>
			<step conref="turn_on_track.xml#turn_on_track/t2"><cmd>turn_on_track</cmd></step>
			<step conref="all_markup.xml#all_markup/am3"><cmd>all markup</cmd></step>
			<step><cmd>Click <b>No Markup</b>.</cmd>
			<stepresult><image href="../image/no_markup.png">
		<alt>no markup</alt></image></stepresult></step>
		</steps>
		<result></result>
		<example><lines>In No Markup, revisions in the document display without markups.
		No Markup displays like Simple Markup but without lines or balloons in the margin.</lines>
		<image href="../image/no_markup_ex.png">
		<alt>no markup example</alt></image></example>
	</taskbody>
	<related-links>
		<link href="../concepts/markup_views_example.xml_#markup_views_example"><linktext>Examples of Markup Views</linktext></link>
	</related-links>
</task>
 