<?xml version="1.0" encoding="utf-8"?>
<!DOCTYPE task PUBLIC "-//OASIS//DTD DITA Task//EN" "../../dtd/technicalContent/dtd/task.dtd">

<task id="original_markup">
	<title>Viewing the Original Document</title>
	<shortdesc>View your document before you tracked your changes.</shortdesc>
	<taskbody>
		<steps>
			<step conref="turn_on_track.xml#turn_on_track/t1"><cmd>turn_on_track</cmd></step>
			<step conref="turn_on_track.xml#turn_on_track/t2"><cmd>turn_on_track</cmd></step>
			<step conref="all_markup.xml#all_markup/am3"><cmd>all markup</cmd></step>
			<step><cmd>Click <b>Original</b>.</cmd>
			<stepresult><image href="../image/original_markup.png">
		<alt>no markup</alt></image></stepresult></step>
		</steps>
		<result>Original displays the document before revisions were made with Track Changes.</result>
	</taskbody>
	<related-links>
		<link href="../concepts/markup_views_example.xml_#markup_views_example"><linktext>Examples of Markup Views</linktext></link>
	</related-links>
</task>
 