<?xml version="1.0" encoding="utf-8"?>
<!DOCTYPE task PUBLIC "-//OASIS//DTD DITA Task//EN" "../../dtd/technicalContent/dtd/task.dtd">
<task id="reject_this">
<title>Reject Change</title>
<shortdesc>Reject a single revision or comment in your document.</shortdesc>
<taskbody>
	<steps>
		<step conref="turn_on_track.xml#turn_on_track/t1">
			<cmd>turn_on_track</cmd>
		</step>
		<step conref="turn_on_track.xml#turn_on_track/t2">
			<cmd>turn_on_track</cmd>
		</step>
		<step conref="all_markup.xml#all_markup/am3"><cmd>all markup</cmd></step>		
		<step conref="all_markup.xml#all_markup/am4"><cmd>all markup</cmd></step>
		<step>
			<cmd>Select text with a markup that you want to reject.</cmd>
			<stepresult><image href="../image/select_text.png">
			<alt>select text</alt></image></stepresult>
		</step>
		<step>
			<cmd>In the Changes section, click the <b>arrow</b> below the Reject button.</cmd>
			
		</step>
		<step>
			<cmd>Click <b>Reject Change</b>.</cmd>
			<stepresult><image href="../image/reject_change.png">
			<alt>accept this change</alt></image></stepresult>
		</step>
	</steps>
</taskbody>
</task>