<?xml version="1.0" encoding="utf-8"?>
<!DOCTYPE task PUBLIC "-//OASIS//DTD DITA Task//EN" "../../dtd/technicalContent/dtd/task.dtd">

<task id="review_pane">
	<title>Using the Reviewing Pane</title>
	<shortdesc>View your revisions in a window pane.</shortdesc>
	<taskbody>
		<steps>
			<step conref="turn_on_track.xml#turn_on_track/t1"><cmd>turn_on_track</cmd></step>
			<step conref="turn_on_track.xml#turn_on_track/t2"><cmd>turn_on_track</cmd></step>
			<step><cmd>Click <b>Reviewing Pane</b>.</cmd>
			<stepresult><image href="../image/review_pane.png">
		<alt>click reviewing pane</alt></image></stepresult></step>
		</steps>
		<result>Word displays revisions and comments in a window pane.
		<image href="../image/reviewing_vertical.png" placement="break">
		<alt>reviewing pane</alt></image></result>
		<example><title>Using a Horizontal Reviewing Pane</title>
			<ol><li>Click the <b>arrow</b> to the right of <b>Reviewing Pane</b>.</li>
			<li>Click <b>Reviewing Pane Horizontal</b>.</li></ol>
			<p>Word displays revisions along the bottom of the screen.</p>
		</example>
	</taskbody>
</task>
 