<?xml version="1.0" encoding="utf-8"?>
<!DOCTYPE task PUBLIC "-//OASIS//DTD DITA Task//EN" "../../dtd/technicalContent/dtd/task.dtd">

<task id="show_markup">
	<title>Show Markup</title>
	<shortdesc>Customize how you view markups in a document.</shortdesc>
	<taskbody>
		<steps>
			<step conref="turn_on_track.xml#turn_on_track/t1"><cmd>turn_on_track</cmd></step>
			<step conref="turn_on_track.xml#turn_on_track/t2"><cmd>turn_on_track</cmd></step>
			<step><cmd>Click <b>Show Markup</b>.</cmd>
			<info>You can select what type of revisions you prefer to display.</info>
			<stepresult><image href="../image/show_markup.png">
		<alt>show markup</alt></image></stepresult></step>
		</steps>
		<result></result>
		<example><lines><b>TIP</b>: Show Markup benefits you when you want to only view formatting changes, or only insertions and deletions. 
		Also options for Balloons allow you to show all the revisions in a margin or together in the text of the document, 
		useful if you’re working on a smaller screen.</lines></example>
	</taskbody>
</task>
 