<?xml version="1.0" encoding="utf-8"?>
<!DOCTYPE task PUBLIC "-//OASIS//DTD DITA Task//EN" "../../dtd/technicalContent/dtd/task.dtd">

<task id="simple_markup">
	<title>Simple Markup</title>
	<taskbody>
		<steps conref="turn_on_track.xml#turn_on_track/turn_on">
			<step><cmd>turn_on_track</cmd></step>
		</steps>
		<result><note>By default, Track Changes starts in Simple Markup view.</note>
		</result>
		<example><wintitle>Simple Markup View</wintitle>
		<image href="../image/simple_markup.png" placement="break" scale="85">
		<alt>Simple markup view</alt></image>
		</example>
	</taskbody>

</task>
 