<?xml version="1.0" encoding="utf-8"?>
<!DOCTYPE task PUBLIC "-//OASIS//DTD DITA Task//EN" "../../dtd/technicalContent/dtd/task.dtd">

<task id="track_options">
	<title>Track Changes Options</title>
	<taskbody>
		<steps>
			<step><cmd>In the Tracking section, click the bottom right <b>arrow</b>.</cmd>
				<stepresult>
				<image href="../image/track_options.png">
				<alt>track options</alt></image></stepresult></step>
		</steps>
		<result>
			<p>The Track Changes Options dialog box opens.</p>
			<image href="../image/track_options_box.png">
			<alt>track options box</alt></image>
			<note>The options are an expansion of the Show Markup and Reviewing Pane features.</note>
		</result>
	</taskbody>
</task>
