<?xml version="1.0" encoding="utf-8"?>
<!DOCTYPE task PUBLIC "-//OASIS//DTD DITA Task//EN" "../../dtd/technicalContent/dtd/task.dtd">

<task id="turn_on_track">
	<title>Turn On Track Changes</title>
	<taskbody>
		<steps id="turn_on">
			<step id="t1"><cmd>Click the <b>REVIEW</b> tab.</cmd></step>
			<step id="t2"><cmd>Click the <b>Track Changes</b> button.</cmd>
			<stepresult>The Track Changes button highlights in blue.</stepresult></step>
		</steps>
		<result><image href="../image/track_on_blue.png" scale="100">
		<alt>The Track Changes button highlights in blue.</alt></image></result>
	</taskbody>
</task>
