<?xml version="1.0" encoding="utf-8"?>
<!DOCTYPE task PUBLIC "-//OASIS//DTD DITA Task//EN" "../../dtd/technicalContent/dtd/task.dtd">

<task id="turn_off_track">
	<title>Turn Off Track Changes</title>
	<taskbody>
		<steps>
			<step><cmd>Click the <b>REVIEW</b> tab.</cmd></step>
			<step><cmd>Click the <b>Track Changes</b> button.</cmd>
			<stepresult>The Track Changes button is no longer highlighted.
			</stepresult></step>
		</steps>
		<result><image href="../image/track_off_blue.png">
		<alt>track changes off</alt></image></result>
	</taskbody>
</task>
