<?xml version="1.0" encoding="utf-8"?>
<!DOCTYPE reference PUBLIC "-//OASIS//DTD DITA Reference//EN"
 "../../dtd/technicalContent/dtd/reference.dtd">

<reference id="advanced_options_labeled">
	<title>Advanced Track Changes Options</title>
	<shortdesc>The dialog box allows you to further customize your comments and markups.</shortdesc>
	<refbody>
		<example id="advanced"><image href="../image/advanced_options.png" placement="break">
		<alt>advanced options box</alt></image></example>
	</refbody>	
</reference>