<?xml version="1.0" encoding="utf-8"?>
<!DOCTYPE reference PUBLIC "-//OASIS//DTD DITA Reference//EN"
 "../../dtd/technicalContent/dtd/reference.dtd">

<reference id="scan_comment">
	<title>Keyboard Shortcut</title>
	<shortdesc>Click on the Previous and Next buttons in the Comments section to scan through comments.</shortdesc>
	<refbody>
		<section><p>Or use a keyboard:</p></section>
		<example><title>Previous</title>
			<ol><li>Hold Alt for 1 second</li>
			<li>Press R</li>
			<li>Press V</li></ol>
		</example>
		<example><title>Next</title>
			<ol><li>Hold Alt for 1 second</li>
			<li>Press R</li>
			<li>Press N</li></ol>
		</example>
	</refbody>	
</reference>